MSISDN/Number,Engagement_Score,Experience_Score,Satisfaction_Score
33692799769.85842,518.7219736762186,1.4592534904378482,260.0906135833282
33659117281.0,0.009073079573374682,4.837254651169917,2.4231638653716456
33669514872.0,0.009479292129986723,4.761144781592446,2.385312036861216
33661346873.0,0.009115536586585912,4.747641737005379,2.3783786367959827
33669691141.0,0.011436487162788297,4.700984358959944,2.356210423061366
33660394478.0,0.005631610999340498,4.698516619092881,2.3520741150461104
33666313094.0,0.0015158268737668385,4.692389820014592,2.3469528234441794
33665315918.0,0.003419334998157427,4.665522327645476,2.3344708313218168
33619362870.0,0.012442954539105931,4.6424881875583,2.3274655710487027
33666815393.0,0.006095670816338267,4.648326587771942,2.3272111292941404
